,train,test
loss,1.1738778959454783,1.341072588027278
accuracy,0.58634,0.5251
