,train,validation,test
R2,0.9262348,0.92300266,0.9287425
MAE,15.914279,16.154316,15.966155
MSE,401.31476,398.9055,397.82974
