,train,validation,test
R2,0.99985063,0.99984616,0.99984723
MAE,56.01509,60.707943,58.344494
MSE,11216.969,12307.722,11922.102
