,train,validation,test
R2,0.99985045,0.99984604,0.99984705
MAE,56.032482,60.680897,58.40782
MSE,11226.34,12317.85,11934.515
