,train,validation,test
R2,0.99998206,0.9999821,0.99998266
MAE,23.606977,24.185713,23.253428
MSE,1348.3962,1431.3872,1352.9957
