,train,test
loss,0.45316396733684006,0.800152362147464
accuracy,0.8517,0.7317
